segment,sharpe,returns,win_rate,max_dd,trades
"Last 5,000 bars",2.5475828413274346,4.242678998581884,51.58536585365854,3.2227379201198025,1640
