{
  "Optimized Conservative": {
    "2019-2020 Pre-Bull": {
      "avg_sharpe": -0.9551450168965163,
      "avg_return": -0.5562893665103474,
      "avg_win_rate": 65.9090909090909,
      "avg_drawdown": -0.8865869991389898,
      "avg_trades": 44.0,
      "avg_profit_factor": 0.7183805341516973,
      "n_tests": 1
    },
    "2021 Bull Market": {
      "avg_sharpe": 0.008708936779846164,
      "avg_return": 0.003344793662297889,
      "avg_win_rate": 72.0,
      "avg_drawdown": -0.9290776249634342,
      "avg_trades": 50.0,
      "avg_profit_factor": 1.001644311613264,
      "n_tests": 1
    },
    "2022 Bear Market": {
      "avg_sharpe": -1.0715485489717118,
      "avg_return": -0.09942360115023621,
      "avg_win_rate": 62.5,
      "avg_drawdown": -0.40604287649730947,
      "avg_trades": 8.0,
      "avg_profit_factor": 0.6830783956599228,
      "n_tests": 1
    },
    "2023-2024 Recovery": {
      "avg_sharpe": 1.2770395818850457,
      "avg_return": 1.0096721748234558,
      "avg_win_rate": 80.7017543859649,
      "avg_drawdown": -0.3710699909013201,
      "avg_trades": 57.0,
      "avg_profit_factor": 1.8854353838618558,
      "n_tests": 1
    },
    "Full Random Sample": {
      "avg_sharpe": 0.009650341854281796,
      "avg_return": 0.028426848346715272,
      "avg_win_rate": 70.65987886382624,
      "avg_drawdown": -0.31672650448343803,
      "avg_trades": 9.85,
      "avg_profit_factor": 1.5019975473557434,
      "n_tests": 20
    }
  },
  "Optimized Aggressive": {
    "2019-2020 Pre-Bull": {
      "avg_sharpe": 0.4520705847161198,
      "avg_return": 0.55674275415593,
      "avg_win_rate": 78.65168539325843,
      "avg_drawdown": -0.7883451063209503,
      "avg_trades": 89.0,
      "avg_profit_factor": 1.1650275299575796,
      "n_tests": 1
    },
    "2021 Bull Market": {
      "avg_sharpe": 1.7603833170627021,
      "avg_return": 1.3647971171833924,
      "avg_win_rate": 84.90566037735849,
      "avg_drawdown": -0.4375945570376604,
      "avg_trades": 53.0,
      "avg_profit_factor": 1.900654472800571,
      "n_tests": 1
    },
    "2022 Bear Market": {
      "avg_sharpe": -3.3157878883673635,
      "avg_return": -0.48691805410147937,
      "avg_win_rate": 44.44444444444444,
      "avg_drawdown": -0.7367088760036421,
      "avg_trades": 9.0,
      "avg_profit_factor": 0.31914439061782984,
      "n_tests": 1
    },
    "2023-2024 Recovery": {
      "avg_sharpe": -0.4929537970824447,
      "avg_return": -0.4089813994545984,
      "avg_win_rate": 73.77049180327869,
      "avg_drawdown": -0.6832930544347037,
      "avg_trades": 61.0,
      "avg_profit_factor": 0.8233946132076526,
      "n_tests": 1
    },
    "Full Random Sample": {
      "avg_sharpe": -0.1327799861423606,
      "avg_return": -0.061164129884127026,
      "avg_win_rate": 70.5775934868864,
      "avg_drawdown": -0.48218725188588885,
      "avg_trades": 13.05,
      "avg_profit_factor": 0.9524044632755605,
      "n_tests": 20
    }
  }
}