{
  "validation_date": "2025-06-11 16:06:42",
  "n_loops": 50,
  "sample_size": 10000,
  "configurations": {
    "Conservative": {
      "n_successful_loops": 50,
      "sharpe_mean": 1.214826822760619,
      "sharpe_std": 3.39599336702334,
      "sharpe_min": -9.377354286579527,
      "sharpe_max": 10.951849181868338,
      "return_mean": 0.9205324143236671,
      "return_std": 1.6999703325200308,
      "win_rate_mean": 50.507160935795376,
      "max_dd_mean": -1.4461412171508135,
      "sharpe_above_0_pct": 66.0,
      "sharpe_above_1_pct": 54.0,
      "profitable_loops_pct": 66.0
    },
    "Moderate": {
      "n_successful_loops": 50,
      "sharpe_mean": 1.023723441123798,
      "sharpe_std": 2.361939015136185,
      "sharpe_min": -8.331939824742753,
      "sharpe_max": 4.4781785915752845,
      "return_mean": 1.514411435220575,
      "return_std": 2.33608806042482,
      "win_rate_mean": 54.63431354963324,
      "max_dd_mean": -2.3626739728783064,
      "sharpe_above_0_pct": 74.0,
      "sharpe_above_1_pct": 54.0,
      "profitable_loops_pct": 74.0
    }
  }
}