Config,Trades,Win_Rate,Total_PnL,Sharpe
Config 1,114,66.66666666666666,13889.380238533151,3.278498110752381
Config 2,155,62.58064516129033,23320.138202320737,5.522088438148338
