currency,config,iteration,sharpe_ratio,total_pnl,total_return,win_rate,max_drawdown,profit_factor,total_trades
EURUSD,Config 1: Ultra-Tight Risk,1,1.6040662967192263,17336.461810139794,17.33646181013997,76.0,-2.2523323079441537,2.503038738143577,50
EURUSD,Config 1: Ultra-Tight Risk,2,1.4321757194162152,29630.560060714193,29.63056006071415,60.49382716049383,-4.129525299500934,1.9259550018973182,81
EURUSD,Config 2: Scalping,1,1.9194530531750997,23847.28041269278,23.847280412692797,63.2,-1.9583952319911397,2.1730110598356744,125
EURUSD,Config 2: Scalping,2,1.7051232887533527,17590.973881743837,17.590973881743864,63.52941176470588,-2.069641698099963,2.288527240092736,85
GBPUSD,Config 1: Ultra-Tight Risk,1,1.2888648755037304,16621.384181182668,16.621384181182787,67.3076923076923,-3.106883219879579,2.0110821519296858,52
GBPUSD,Config 1: Ultra-Tight Risk,2,1.9898410879123412,46813.71899918143,46.81371899918158,66.66666666666666,-3.9231353851797457,2.703742822911478,84
GBPUSD,Config 2: Scalping,1,1.5126769829205622,17700.410617172816,17.700410617172864,57.77777777777777,-2.2872822299996045,2.062344987915072,90
GBPUSD,Config 2: Scalping,2,2.1209606174903417,28357.38685298346,28.35738685298353,64.86486486486487,-2.990859234080566,2.4542249668198246,111
